author;author_type;url;location;deal_type;accommodation_type;floor;floors_count;rooms_count;total_meters;price;district;street;house_number;underground;residential_complex
Галант;real_estate_agent;https://dolgoprudny.cian.ru/sale/flat/308357995/;Долгопрудный;sale;flat;23;23;1;46.7;10600000;;Новый бульвар;5;Долгопрудная;Новый бульвар
ID 536407;unknown;https://dolgoprudny.cian.ru/sale/flat/265497059/;Долгопрудный;sale;flat;12;14;1;44.6;8900000;;Лихачевское шоссе;1к4;Долгопрудная;
;;https://dolgoprudny.cian.ru/sale/flat/307869466/;Долгопрудный;sale;flat;10;23;1;32.6;8225645;;;;Хлебниково;Бригантина ЖК
Галант;real_estate_agent;https://dolgoprudny.cian.ru/sale/flat/308703388/;Долгопрудный;sale;flat;10;17;1;42.3;8850000;;проспект Ракетостроителей;5;Долгопрудная;
ID 89919508;unknown;https://dolgoprudny.cian.ru/sale/flat/303906099/;Долгопрудный;sale;flat;4;23;1;30.0;5900000;;Парковая ;52к1;Водники;Бригантина
;;https://dolgoprudny.cian.ru/sale/flat/308715954/;Долгопрудный;sale;flat;2;23;1;35.6;8748268;;;;Хлебниково;Бригантина ЖК
Марина Татаринцева;realtor;https://dolgoprudny.cian.ru/sale/flat/307887846/;Долгопрудный;sale;flat;5;9;1;32.4;6900000;; Академика Лаврентьева;25;Долгопрудная;
Дмирий Дмитриев;realtor;https://dolgoprudny.cian.ru/sale/flat/308685916/;Долгопрудный;sale;flat;4;5;1;32.0;6000000;;Московское шоссе;45;Долгопрудная;
;;https://dolgoprudny.cian.ru/sale/flat/306627931/;Долгопрудный;sale;flat;23;23;1;33.6;8625424;;;;Хлебниково;Бригантина ЖК
Павел Кулагин;realtor;https://dolgoprudny.cian.ru/sale/flat/308855190/;Долгопрудный;sale;flat;1;5;2;40.0;6400000;; Железнякова;7;Водники;
ID 69265912;homeowner;https://dolgoprudny.cian.ru/sale/flat/307775344/;Долгопрудный;sale;flat;1;2;2;45.0;4800000;; 25-го съезда;12;Шереметьевская;
;;https://dolgoprudny.cian.ru/sale/flat/292583752/;Долгопрудный;sale;flat;2;23;2;42.2;8842402;;;;Водники;Бригантина ЖК
Галант;real_estate_agent;https://dolgoprudny.cian.ru/sale/flat/307673422/;Долгопрудный;sale;flat;15;17;2;61.8;12750000;;Новый бульвар;15;Долгопрудная;
Парадайс;real_estate_agent;https://dolgoprudny.cian.ru/sale/flat/308276417/;Долгопрудный;sale;flat;2;5;2;44.4;7400000;;Заводская ;9;Водники;
;;https://dolgoprudny.cian.ru/sale/flat/299389482/;Долгопрудный;sale;flat;5;23;2;60.0;12769592;;;;Хлебниково;Бригантина ЖК
Галант;real_estate_agent;https://dolgoprudny.cian.ru/sale/flat/307446855/;Долгопрудный;sale;flat;2;9;2;43.8;8000000;; Циолковского;34;Долгопрудная;
ID 67474576;realtor;https://dolgoprudny.cian.ru/sale/flat/294527055/;Долгопрудный;sale;flat;20;21;1;40.0;10200000;;Старое Дмитровское шоссе;11;Водники;Московские водники
;;https://dolgoprudny.cian.ru/sale/flat/294460580/;Долгопрудный;sale;flat;7;23;2;40.2;8776196;;;;Хлебниково;Бригантина ЖК
Галант;real_estate_agent;https://dolgoprudny.cian.ru/sale/flat/308906370/;Долгопрудный;sale;flat;1;17;1;40.5;7800000;;Новый бульвар;23;Долгопрудная;
Ольга Викулова;realtor;https://dolgoprudny.cian.ru/sale/flat/308619317/;Долгопрудный;sale;flat;1;5;1;31.0;5550000;;Московское шоссе;47;Долгопрудная;
;;https://dolgoprudny.cian.ru/sale/flat/296045599/;Долгопрудный;sale;flat;2;23;2;35.0;7448937;;;;Хлебниково;Бригантина ЖК
Николай Ларионов;realtor;https://dolgoprudny.cian.ru/sale/flat/307685496/;Долгопрудный;sale;flat;7;10;2;69.6;17800000;;проспект Пацаева;7к4;Водники;
ИНКОМ-Недвижимость;real_estate_agent;https://dolgoprudny.cian.ru/sale/flat/304796958/;Долгопрудный;sale;flat;12;17;2;62.5;8900000;;Новое шоссе;12;Хлебниково;Хлебниково
;;https://dolgoprudny.cian.ru/sale/flat/306627911/;Долгопрудный;sale;flat;17;23;2;43.2;10615922;;;;Хлебниково;Бригантина ЖК
Марина Татаринцева;realtor;https://dolgoprudny.cian.ru/sale/flat/307004021/;Долгопрудный;sale;flat;2;9;2;42.1;8000000;; Академика Лаврентьева;23;Долгопрудная;
Елена Васильева;realtor;https://dolgoprudny.cian.ru/sale/flat/306098285/;Долгопрудный;sale;flat;3;5;2;45.0;6900000;;Московское шоссе;45;Долгопрудная;
;;https://dolgoprudny.cian.ru/sale/flat/306627864/;Долгопрудный;sale;flat;2;23;2;60.8;14007111;;;;Хлебниково;Бригантина ЖК
Галант;real_estate_agent;https://dolgoprudny.cian.ru/sale/flat/308703383/;Долгопрудный;sale;flat;3;3;1;34.3;6650000;;Нагорная ;7/11;Долгопрудная;
ИНКОМ-Недвижимость;real_estate_agent;https://dolgoprudny.cian.ru/sale/flat/306017108/;Долгопрудный;sale;flat;2;2;2;37.0;4800000;; 25-го съезда;14;Шереметьевская;
Аида Кудякова;realtor;https://dolgoprudny.cian.ru/sale/flat/308590841/;Долгопрудный;sale;flat;7;9;2;44.5;8900000;; Академика Лаврентьева;21;Долгопрудная;
ID 5282;realtor;https://dolgoprudny.cian.ru/sale/flat/296931864/;Долгопрудный;sale;flat;3;3;2;42.0;5800000;;Речная ;6а;Водники;
Место;real_estate_agent;https://dolgoprudny.cian.ru/sale/flat/308872073/;Долгопрудный;sale;flat;6;23;1;34.0;7300000;;Парковая ;48;Долгопрудная;Бригантина
ID 19201812;realtor;https://dolgoprudny.cian.ru/sale/flat/306548868/;Долгопрудный;sale;flat;14;25;2;58.0;10670000;;Лихачевский проспект;66к1;Долгопрудная;
Елена Васильева;realtor;https://dolgoprudny.cian.ru/sale/flat/307103238/;Долгопрудный;sale;flat;2;5;2;42.0;6850000;;Советская ;8/8;Долгопрудная;
ID 180744;unknown;https://dolgoprudny.cian.ru/sale/flat/303236150/;Долгопрудный;sale;flat;14;25;2;46.0;10150000;;Новый бульвар;7;Долгопрудная;мкр. Центральный корп. 9, 10, 11
Замоскворечье;real_estate_agent;https://dolgoprudny.cian.ru/sale/flat/308814976/;Долгопрудный;sale;flat;4;19;2;62.0;10000000;;Новое шоссе;10к1;Хлебниково;
Сбербанк;real_estate_agent;https://dolgoprudny.cian.ru/sale/flat/307578504/;Долгопрудный;sale;flat;15;18;2;57.4;9202000;;Набережная ;27;Водники;Московские водники
КапиталЪ;real_estate_agent;https://dolgoprudny.cian.ru/sale/flat/293802347/;Долгопрудный;sale;flat;9;9;2;51.0;9000000;;Лихачевское шоссе;10;Долгопрудная;
Елена Стометова;realtor;https://dolgoprudny.cian.ru/sale/flat/302920553/;Долгопрудный;sale;flat;15;24;1;39.6;7999999;;Старое Дмитровское шоссе;11;Водники;Московские водники
Владис;real_estate_agent;https://dolgoprudny.cian.ru/sale/flat/308768316/;Долгопрудный;sale;flat;10;19;1;47.0;8800000;;проспект Ракетостроителей;1к1;Долгопрудная;
ID 88057659;homeowner;https://dolgoprudny.cian.ru/sale/flat/308495920/;Долгопрудный;sale;flat;13;23;1;30.3;8300000;;Парковая ;48;Долгопрудная;Бригантина
Равиля Минуллина;realtor;https://dolgoprudny.cian.ru/sale/flat/303828859/;Долгопрудный;sale;flat;5;5;2;47.0;7990000;; Железнякова;2а;Водники;
ID 388457;realtor;https://dolgoprudny.cian.ru/sale/flat/302683388/;Долгопрудный;sale;flat;19;25;1;35.0;9400000;;Новый бульвар;9к1;Долгопрудная;
Октава-Недвижимость;real_estate_agent;https://dolgoprudny.cian.ru/sale/flat/293992354/;Долгопрудный;sale;flat;8;23;2;50.5;10850000;;Старое Дмитровское шоссе;11;Водники;Московские водники
Елена Шишканова;realtor;https://dolgoprudny.cian.ru/sale/flat/305555243/;Долгопрудный;sale;flat;8;9;2;47.0;7800000;;Лихачевское шоссе;13к2;Долгопрудная;
Екатерина Попова;realtor;https://dolgoprudny.cian.ru/sale/flat/301060202/;Долгопрудный;sale;flat;2;10;2;67.6;11950000;;Центральная ;5;Долгопрудная;
Дeльта;real_estate_agent;https://dolgoprudny.cian.ru/sale/flat/303482954/;Долгопрудный;sale;flat;7;9;2;46.1;8000000;;Лихачевское шоссе;13к2;Долгопрудная;
РиэлтиГлобал;real_estate_agent;https://dolgoprudny.cian.ru/sale/flat/304367393/;Долгопрудный;sale;flat;1;2;1;31.7;5600000;; Павлова;10;Долгопрудная;
АЛЬЯНС;real_estate_agent;https://dolgoprudny.cian.ru/sale/flat/307741827/;Долгопрудный;sale;flat;2;9;2;45.0;9100000;мкр. Гранитный;Молодежная ;20;;
Андрей Слободский;realtor;https://dolgoprudny.cian.ru/sale/flat/308044951/;Долгопрудный;sale;flat;21;24;1;32.0;6300000;;Парковая ;52;Водники;Бригантина
Игорь Смирнов;realtor;https://dolgoprudny.cian.ru/sale/flat/308437368/;Долгопрудный;sale;flat;1;2;1;31.5;6000000;;Заводская ;8;Водники;
Сергей Пчельников;realtor;https://dolgoprudny.cian.ru/sale/flat/305244870/;Долгопрудный;sale;flat;13;17;2;60.7;12900000;;Спортивная ;11Б;Долгопрудная;
ID 62973310;homeowner;https://dolgoprudny.cian.ru/sale/flat/295736861/;Долгопрудный;sale;flat;16;21;1;44.7;8950000;;проспект Ракетостроителей;3;Долгопрудная;
СЕЛЕНА;real_estate_agent;https://dolgoprudny.cian.ru/sale/flat/302758905/;Долгопрудный;sale;flat;12;23;1;39.0;8100000;;Старое Дмитровское шоссе;11;Водники;Московские водники
Владис;real_estate_agent;https://dolgoprudny.cian.ru/sale/flat/306505296/;Долгопрудный;sale;flat;5;9;2;43.8;8050000;;Лихачевское шоссе;20к1;Водники;
Владислав Павлов;realtor;https://dolgoprudny.cian.ru/sale/flat/307036093/;Долгопрудный;sale;flat;7;17;1;42.3;8999999;;проспект Ракетостроителей;5;Долгопрудная;
ID 83634082;homeowner;https://dolgoprudny.cian.ru/sale/flat/308331153/;Долгопрудный;sale;flat;6;17;1;44.6;9800000;;Новый бульвар;21;Долгопрудная;
Алевтина Исламгулова;realtor;https://dolgoprudny.cian.ru/sale/flat/307340053/;Долгопрудный;sale;flat;3;17;2;57.0;11300000;;Парковая ;32А;Водники;
Елена Алексеева;realtor;https://dolgoprudny.cian.ru/sale/flat/303625567/;Долгопрудный;sale;flat;1;5;2;30.0;5990000;;Нагорная ;6;Долгопрудная;
Дмитрий Некипелов;realtor;https://dolgoprudny.cian.ru/sale/flat/307812116/;Долгопрудный;sale;flat;1;5;1;32.0;5700000;;Дирижабельная ;28к1;Водники;
ID 41050977;homeowner;https://dolgoprudny.cian.ru/sale/flat/296938375/;Долгопрудный;sale;flat;1;3;2;43.0;5500000;;Железнодорожная ;28;Хлебниково;
Наталья Гунькина;realtor;https://dolgoprudny.cian.ru/sale/flat/304367347/;Долгопрудный;sale;flat;13;19;1;42.0;9000000;;бульвар Имени Умберто Нобиле;1;Долгопрудная;
Этажи Москва;real_estate_agent;https://dolgoprudny.cian.ru/sale/flat/308899691/;Долгопрудный;sale;flat;14;25;1;45.7;9150000;;Новый бульвар;7;Долгопрудная;мкр. Центральный корп. 9, 10, 11
Комета Эстейт;real_estate_agent;https://dolgoprudny.cian.ru/sale/flat/308567103/;Долгопрудный;sale;flat;2;9;2;43.8;7999999;; Циолковского;34;Долгопрудная;
Этажи Москва;real_estate_agent;https://dolgoprudny.cian.ru/sale/flat/308758235/;Долгопрудный;sale;flat;2;2;1;35.8;5400000;; Нефтяников;9;Шереметьевская;
Галина Дубкова;realtor;https://dolgoprudny.cian.ru/sale/flat/308716428/;Долгопрудный;sale;flat;20;23;1;28.5;7500000;;Парковая ;52к1;Водники;Бригантина
Дмитрий Демиденко;realtor;https://dolgoprudny.cian.ru/sale/flat/306264210/;Долгопрудный;sale;flat;17;17;1;46.0;8300000;;Новый бульвар;15;Долгопрудная;
Валерий Петров;realtor;https://dolgoprudny.cian.ru/sale/flat/295073194/;Долгопрудный;sale;flat;3;9;1;37.0;7500000;; Академика Лаврентьева;5;Водники;
Этажи Москва;real_estate_agent;https://dolgoprudny.cian.ru/sale/flat/308549279/;Долгопрудный;sale;flat;3;5;2;44.6;6850000;;Московское шоссе;45;Долгопрудная;
СМАРЕНТ;real_estate_agent;https://dolgoprudny.cian.ru/sale/flat/307418536/;Долгопрудный;sale;flat;5;5;2;44.0;7300000;;Нагорная ;4;Долгопрудная;
ID 72812578;homeowner;https://dolgoprudny.cian.ru/sale/flat/280746159/;Долгопрудный;sale;flat;4;27;1;45.7;8700000;;Новый бульвар;7;Долгопрудная;мкр. Центральный корп. 9, 10, 11
Татьяна Калюжная;realtor;https://dolgoprudny.cian.ru/sale/flat/307195532/;Долгопрудный;sale;flat;3;9;2;63.0;14650000;; Циолковского;28;Долгопрудная;
Елена Алексеева;realtor;https://dolgoprudny.cian.ru/sale/flat/292177632/;Долгопрудный;sale;flat;6;9;2;46.9;7700000;;Лихачевское шоссе;21;Водники;
Ольга Харитонова;realtor;https://dolgoprudny.cian.ru/sale/flat/302412610/;Долгопрудный;sale;flat;1;9;1;38.9;7250000;;Парковая ;38;Водники;
Юлия Чмышкова;realtor;https://dolgoprudny.cian.ru/sale/flat/308854076/;Долгопрудный;sale;flat;9;9;1;32.8;7500000;;Дирижабельная ;13;Долгопрудная;
Татьяна Шотова;realtor;https://dolgoprudny.cian.ru/sale/flat/295016242/;Долгопрудный;sale;flat;3;5;2;44.2;7900000;;Московское шоссе;45;Долгопрудная;
Вариант;real_estate_agent;https://dolgoprudny.cian.ru/sale/flat/299696215/;Долгопрудный;sale;flat;3;18;1;42.3;8500000;;Лихачевский проспект;68к5;Долгопрудная;
Александр Филатов;realtor;https://dolgoprudny.cian.ru/sale/flat/304027566/;Долгопрудный;sale;flat;2;9;1;32.7;7500000;;Дирижабельная ;13;Долгопрудная;
Самолет Плюс МСК-Север;real_estate_agent;https://dolgoprudny.cian.ru/sale/flat/308459115/;Долгопрудный;sale;flat;3;21;1;44.7;9300000;;проспект Ракетостроителей;3;Долгопрудная;
Галант;real_estate_agent;https://dolgoprudny.cian.ru/sale/flat/308257578/;Долгопрудный;sale;flat;12;23;1;30.5;8300000;;Парковая ;52к1;Водники;Бригантина
ID 527378;homeowner;https://dolgoprudny.cian.ru/sale/flat/298435545/;Долгопрудный;sale;flat;9;17;1;43.2;9250000;;Лихачевский проспект;70к2;Долгопрудная;
Майя Джомидава;realtor;https://dolgoprudny.cian.ru/sale/flat/307716432/;Долгопрудный;sale;flat;2;9;2;46.8;8850000;; Академика Лаврентьева;11;Водники;
ОЛИМП-НЕДВИЖИМОСТЬ;real_estate_agent;https://dolgoprudny.cian.ru/sale/flat/303934473/;Долгопрудный;sale;flat;5;5;2;41.1;7600000;;Лихачевское шоссе;8к3;Долгопрудная;
Оксана Раххаль;realtor;https://dolgoprudny.cian.ru/sale/flat/308943176/;Долгопрудный;sale;flat;13;27;2;67.3;12500000;;Новый бульвар;7;Долгопрудная;мкр. Центральный корп. 9, 10, 11
ID 89919508;unknown;https://dolgoprudny.cian.ru/sale/flat/308686439/;Долгопрудный;sale;flat;1;5;2;41.1;7350000;;Первомайская ;17А;Долгопрудная;
ИНКОМ-Недвижимость;real_estate_agent;https://dolgoprudny.cian.ru/sale/flat/307874336/;Долгопрудный;sale;flat;14;27;1;44.2;9350000;;Новый бульвар;7;Долгопрудная;мкр. Центральный корп. 9, 10, 11
Простор-недвижимость;real_estate_agent;https://dolgoprudny.cian.ru/sale/flat/306732181/;Долгопрудный;sale;flat;2;18;1;40.0;9100000;;Набережная ;33;Водники;Московские водники
Дмитрий Вережников;realtor;https://dolgoprudny.cian.ru/sale/flat/305046267/;Долгопрудный;sale;flat;10;12;1;40.0;10740000;;Первомайская ;9/4;Новодачная;
ID 117220912;homeowner;https://dolgoprudny.cian.ru/sale/flat/302735411/;Долгопрудный;sale;flat;9;9;2;44.2;7500000;;Московское шоссе;57;Водники;
ГАРАНТИЯ;real_estate_agent;https://dolgoprudny.cian.ru/sale/flat/302792749/;Долгопрудный;sale;flat;17;23;2;76.7;18990000;;бульвар Космонавта Сереброва А.А.;2;Долгопрудная;
ID 18087292;homeowner;https://dolgoprudny.cian.ru/sale/flat/302275572/;Долгопрудный;sale;flat;12;16;1;34.5;7300000;;проспект Пацаева;9;Водники;
Екатерина Попова;realtor;https://dolgoprudny.cian.ru/sale/flat/305267434/;Долгопрудный;sale;flat;6;17;2;70.7;15370000;;Набережная ;29к1;Водники;Московские водники
ID 520636;realtor;https://dolgoprudny.cian.ru/sale/flat/307395851/;Долгопрудный;sale;flat;15;17;1;41.0;8500000;;Новый бульвар;23;Долгопрудная;
Евгений Подгорнов;realtor;https://dolgoprudny.cian.ru/sale/flat/308209013/;Долгопрудный;sale;flat;2;2;2;54.7;8900000;;Речная ;18/10;Водники;
Магазин квартир;real_estate_agent;https://dolgoprudny.cian.ru/sale/flat/306576437/;Долгопрудный;sale;flat;5;5;2;43.0;6500000;;Лихачевское шоссе;11;Долгопрудная;
Галант;real_estate_agent;https://dolgoprudny.cian.ru/sale/flat/308931747/;Долгопрудный;sale;flat;13;23;1;31.8;8000000;;Парковая ;52;Водники;Бригантина
Градомиръ;real_estate_agent;https://dolgoprudny.cian.ru/sale/flat/306279271/;Долгопрудный;sale;flat;12;17;1;34.0;6200000;;;к2;Шереметьевская;Бригантина ЖК
Бест на Речном;real_estate_agent;https://dolgoprudny.cian.ru/sale/flat/307522366/;Долгопрудный;sale;flat;1;5;2;42.1;7300000;;Первомайская ;60;Долгопрудная;
ID 77917736;homeowner;https://dolgoprudny.cian.ru/sale/flat/305534385/;Долгопрудный;sale;flat;5;5;1;30.5;5000000;; Нефтяников;14;Шереметьевская;
Екатерина Попова;realtor;https://dolgoprudny.cian.ru/sale/flat/306652837/;Долгопрудный;sale;flat;6;17;1;49.06;9970000;;Старое Дмитровское шоссе;17;Водники;Московские водники
ID 13328470;homeowner;https://dolgoprudny.cian.ru/sale/flat/304872221/;Долгопрудный;sale;flat;11;17;2;61.7;10500000;;Госпитальная ;10;Хлебниково;
Городской Центр Недвижимости;real_estate_agent;https://dolgoprudny.cian.ru/sale/flat/306007671/;Долгопрудный;sale;flat;21;25;2;50.0;12200000;;Парковая ;46;Водники;Бригантина
Самолет Плюс МСК-Север;real_estate_agent;https://dolgoprudny.cian.ru/sale/flat/308747733/;Долгопрудный;sale;flat;23;23;1;34.0;8400000;;бульвар Имени Умберто Нобиле;1;Долгопрудная;
Марьяна Кунижева;realtor;https://dolgoprudny.cian.ru/sale/flat/308190561/;Долгопрудный;sale;flat;2;5;-1;45.5;3700000;;Театральная ;15/22;Водники;
ID 72329732;realtor;https://dolgoprudny.cian.ru/sale/flat/308186227/;Долгопрудный;sale;flat;3;5;1;30.7;6200000;;Дирижабельная ;22/15;Долгопрудная;
Юлия Устинова;realtor;https://dolgoprudny.cian.ru/sale/flat/306127245/;Долгопрудный;sale;flat;6;17;2;63.0;10500000;;Новое шоссе;10;Хлебниково;Хлебниково
Самолет плюс;real_estate_agent;https://dolgoprudny.cian.ru/sale/flat/304351158/;Долгопрудный;sale;flat;14;20;1;40.2;8400000;;Гранитная ;6;Долгопрудная;
Самолет Плюс;real_estate_agent;https://dolgoprudny.cian.ru/sale/flat/308060965/;Долгопрудный;sale;flat;9;10;2;55.5;10900000;;Лихачевское шоссе;7;Долгопрудная;
ID 479190;realtor;https://dolgoprudny.cian.ru/sale/flat/306224593/;Долгопрудный;sale;flat;2;5;2;42.0;6350000;;Нагорная ;4;Долгопрудная;
Павел Ибрагимов;realtor;https://dolgoprudny.cian.ru/sale/flat/308428486/;Долгопрудный;sale;flat;24;24;1;35.0;8850000;;Парковая ;50;Водники;Бригантина
Градомиръ;real_estate_agent;https://dolgoprudny.cian.ru/sale/flat/303064000/;Долгопрудный;sale;flat;1;4;2;44.4;5340000;;Флотская ;2;Водники;
Est-a-Tet – Вторичная недвижимость;real_estate_agent;https://dolgoprudny.cian.ru/sale/flat/306458973/;Долгопрудный;sale;flat;14;24;1;31.0;7900000;;Парковая ;44;Хлебниково;Бригантина
ID 925;realtor;https://dolgoprudny.cian.ru/sale/flat/308040333/;Долгопрудный;sale;flat;18;18;2;51.0;9200000;;Парковая ;44к1;Водники;Бригантина
ID 97364505;homeowner;https://dolgoprudny.cian.ru/sale/flat/298758797/;Долгопрудный;sale;flat;14;16;2;50.0;11200000;;проспект Пацаева;11;Водники;
Городские квартиры;real_estate_agent;https://dolgoprudny.cian.ru/sale/flat/307869847/;Долгопрудный;sale;flat;4;9;1;37.1;8200000;;Молодежная ;14/1;Долгопрудная;
ID 93194164;homeowner;https://dolgoprudny.cian.ru/sale/flat/307482309/;Долгопрудный;sale;flat;15;17;1;47.0;10680000;;Набережная ;29к1;Водники;Московские водники
Home Market;real_estate_agent;https://dolgoprudny.cian.ru/sale/flat/306309983/;Долгопрудный;sale;flat;2;2;2;45.0;6500000;; Нефтяников;4;Шереметьевская;
ID 78729934;homeowner;https://dolgoprudny.cian.ru/sale/flat/301975971/;Долгопрудный;sale;flat;10;25;1;45.0;10800000;;Новый бульвар;11;Долгопрудная;мкр. Центральный корп. 9, 10, 11
ID 12225892;realtor;https://dolgoprudny.cian.ru/sale/flat/297743432/;Долгопрудный;sale;flat;25;27;1;44.2;9990000;;Новый бульвар;11;Долгопрудная;мкр. Центральный корп. 9, 10, 11
ID 63790486;homeowner;https://dolgoprudny.cian.ru/sale/flat/295420535/;Долгопрудный;sale;flat;7;23;2;34.0;7900000;;Заводская ;к5;Водники;Бригантина
Этажи Москва;real_estate_agent;https://dolgoprudny.cian.ru/sale/flat/307101402/;Долгопрудный;sale;flat;10;24;2;47.9;10300000;;Парковая ;48;Долгопрудная;Бригантина
ID 27119;realtor;https://dolgoprudny.cian.ru/sale/flat/308330093/;Долгопрудный;sale;flat;18;23;1;36.0;9300000;;Парковая ;34;Водники;
ID 253416;unknown;https://dolgoprudny.cian.ru/sale/flat/306756828/;Долгопрудный;sale;flat;15;24;1;34.1;8200000;;Парковая ;46к1;Водники;Бригантина
ID 107430799;homeowner;https://dolgoprudny.cian.ru/sale/flat/305075736/;Долгопрудный;sale;flat;5;13;1;40.0;9990000;;Набережная ;23;Водники;
Мост Недвижимость;real_estate_agent;https://dolgoprudny.cian.ru/sale/flat/308159834/;Долгопрудный;sale;flat;3;19;1;46.7;9950000;;Новое шоссе;10к1;Хлебниково;
ID 96554600;homeowner;https://dolgoprudny.cian.ru/sale/flat/307061965/;Долгопрудный;sale;flat;8;17;1;47.0;9900000;;Госпитальная ;10;Хлебниково;
Городские квартиры;real_estate_agent;https://dolgoprudny.cian.ru/sale/flat/306945504/;Долгопрудный;sale;flat;2;23;1;32.4;8350000;;Парковая ;52;Водники;Бригантина
Вероника Тодорощан;realtor;https://dolgoprudny.cian.ru/sale/flat/303607327/;Долгопрудный;sale;flat;1;2;1;31.9;7000000;; Павлова;10;Долгопрудная;
Эксперт;real_estate_agent;https://dolgoprudny.cian.ru/sale/flat/306231345/;Долгопрудный;sale;flat;9;17;1;42.3;10900000;;Новый бульвар;15;Долгопрудная;
ID 111847619;homeowner;https://dolgoprudny.cian.ru/sale/flat/297777449/;Долгопрудный;sale;flat;1;9;2;43.0;8500000;;Лихачевское шоссе;13к2;Долгопрудная;
Владис Дмитров;real_estate_agent;https://dolgoprudny.cian.ru/sale/flat/306261640/;Долгопрудный;sale;flat;3;5;1;30.7;6200000;;Дирижабельная ;22/15;Долгопрудная;
ОЛИМП-НЕДВИЖИМОСТЬ;real_estate_agent;https://dolgoprudny.cian.ru/sale/flat/302755601/;Долгопрудный;sale;flat;2;5;2;40.9;7600000;;Московское шоссе;43к3;Долгопрудная;
GENESIS Asset Management;real_estate_agent;https://dolgoprudny.cian.ru/sale/flat/308009888/;Долгопрудный;sale;flat;8;19;2;68.3;14900000;;Лихачевское шоссе;20к4;Водники;
Самолет Плюс МСК-Север;real_estate_agent;https://dolgoprudny.cian.ru/sale/flat/303923901/;Долгопрудный;sale;flat;9;24;1;48.4;8900000;;Заводская ;2;Долгопрудная;Бригантина
Самолет Плюс МСК-Север;real_estate_agent;https://dolgoprudny.cian.ru/sale/flat/308150497/;Долгопрудный;sale;flat;3;19;1;46.7;10200000;;Новое шоссе;10к1;Хлебниково;
ID 104423195;homeowner;https://dolgoprudny.cian.ru/sale/flat/288981465/;Долгопрудный;sale;flat;13;24;2;53.7;9950000;;Парковая ;50;Водники;Бригантина
Владис;real_estate_agent;https://dolgoprudny.cian.ru/sale/flat/300147209/;Долгопрудный;sale;flat;2;17;2;56.5;11100000;;Новое шоссе;10;Хлебниково;Хлебниково
Юлия Давыдова;realtor;https://dolgoprudny.cian.ru/sale/flat/307578260/;Долгопрудный;sale;flat;4;20;1;41.0;9300000;;Гранитная ;6;Долгопрудная;
Градомиръ;real_estate_agent;https://dolgoprudny.cian.ru/sale/flat/304767327/;Долгопрудный;sale;flat;2;23;2;47.5;9999999;;Парковая ;46к1;Водники;Бригантина
ID 47017257;homeowner;https://dolgoprudny.cian.ru/sale/flat/305029313/;Долгопрудный;sale;flat;5;17;1;42.4;9850000;;Новый бульвар;19;Долгопрудная;
ID 80685486;homeowner;https://dolgoprudny.cian.ru/sale/flat/298939520/;Долгопрудный;sale;flat;15;19;1;44.6;10500000;;проспект Ракетостроителей;9к1;Долгопрудная;
Городской Центр Недвижимости;real_estate_agent;https://dolgoprudny.cian.ru/sale/flat/288059805/;Долгопрудный;sale;flat;2;18;1;54.2;10600000;;Лихачевское шоссе;14к1;Водники;
ID 15216000;homeowner;https://dolgoprudny.cian.ru/sale/flat/289859004/;Долгопрудный;sale;flat;10;15;1;45.0;10550000;;Набережная ;29к1;Водники;Московские водники
Дмитрий Вережников;realtor;https://dolgoprudny.cian.ru/sale/flat/302407075/;Долгопрудный;sale;flat;10;12;1;40.0;10740000;;Первомайская ;9/4;Новодачная;
ID 120348302;homeowner;https://dolgoprudny.cian.ru/sale/flat/305876059/;Долгопрудный;sale;flat;3;20;1;35.6;10800000;;Парковая ;50;Водники;Бригантина
ID 69385226;homeowner;https://dolgoprudny.cian.ru/sale/flat/303073725/;Долгопрудный;sale;flat;5;27;1;45.6;10800000;;Новый бульвар;9;Долгопрудная;мкр. Центральный корп. 9, 10, 11
САМОЛЕТ ПЛЮС;real_estate_agent;https://dolgoprudny.cian.ru/sale/flat/307937180/;Долгопрудный;sale;flat;12;17;1;50.0;10990000;;Набережная ;29к1;Водники;Московские водники
Галант;real_estate_agent;https://dolgoprudny.cian.ru/sale/flat/303488976/;Долгопрудный;sale;flat;16;23;1;31.3;10950000;;Парковая ;48;Долгопрудная;Бригантина
Денис Циликин;realtor;https://dolgoprudny.cian.ru/sale/flat/306152385/;Долгопрудный;sale;flat;7;17;2;56.0;10999999;;Новое шоссе;10;Хлебниково;Хлебниково
Мария Леонова;realtor;https://dolgoprudny.cian.ru/sale/flat/303987216/;Долгопрудный;sale;flat;10;27;1;45.0;10900000;;Новый бульвар;9;Долгопрудная;мкр. Центральный корп. 9, 10, 11
ID 13345460;homeowner;https://dolgoprudny.cian.ru/sale/flat/306128058/;Долгопрудный;sale;flat;6;17;2;64.0;10950000;;Новое шоссе;12;Хлебниково;Хлебниково
Этажи Москва;real_estate_agent;https://dolgoprudny.cian.ru/sale/flat/307484039/;Долгопрудный;sale;flat;2;19;1;44.6;11000000;;проспект Ракетостроителей;9к3;Долгопрудная;
ID 269853;homeowner;https://dolgoprudny.cian.ru/sale/flat/307265772/;Долгопрудный;sale;flat;2;19;1;44.6;11000000;;проспект Ракетостроителей;9к3;Долгопрудная;
Самолет Плюс;real_estate_agent;https://dolgoprudny.cian.ru/sale/flat/305578854/;Долгопрудный;sale;flat;14;16;2;50.0;11199000;;проспект Пацаева;11;Водники;
ID 12369177;real_estate_agent;https://dolgoprudny.cian.ru/sale/flat/295845451/;Долгопрудный;sale;flat;3;16;2;56.0;11200000;;Новый бульвар;22;Долгопрудная;
ID 227969;realtor;https://dolgoprudny.cian.ru/sale/flat/296614979/;Долгопрудный;sale;flat;13;24;2;60.8;11200000;;Парковая ;46;Водники;Бригантина
ID 25406066;unknown;https://dolgoprudny.cian.ru/sale/flat/293807817/;Долгопрудный;sale;flat;14;21;2;66.1;11299000;;проспект Ракетостроителей;3;Долгопрудная;
ID 218092;realtor;https://dolgoprudny.cian.ru/sale/flat/290419433/;Долгопрудный;sale;flat;10;24;2;50.0;11300000;;Парковая ;50к1;Долгопрудная;Бригантина
ID 11388;realtor;https://dolgoprudny.cian.ru/sale/flat/296386898/;Долгопрудный;sale;flat;17;19;2;60.0;11500000;;Спортивная ;11Б;Долгопрудная;
Самолет плюс;real_estate_agent;https://dolgoprudny.cian.ru/sale/flat/306314116/;Долгопрудный;sale;flat;6;23;1;43.0;11750000;;Новый бульвар;2;Долгопрудная;по ул. Дирижабельная, 1
ID 16340;realtor;https://dolgoprudny.cian.ru/sale/flat/308384498/;Долгопрудный;sale;flat;6;18;2;54.0;13200000;;Старое Дмитровское шоссе;17;Водники;Московские водники
ID 18705620;realtor;https://dolgoprudny.cian.ru/sale/flat/308342244/;Долгопрудный;sale;flat;15;18;2;56.6;13200000;;Лихачевский проспект;66к1;Долгопрудная;
Самолет Плюс Москва;real_estate_agent;https://dolgoprudny.cian.ru/sale/flat/306063211/;Долгопрудный;sale;flat;7;27;2;65.8;13500000;;Новый бульвар;11;Долгопрудная;мкр. Центральный корп. 9, 10, 11
ID 1372;realtor;https://dolgoprudny.cian.ru/sale/flat/297493488/;Долгопрудный;sale;flat;3;19;2;66.1;13400000;;проспект Ракетостроителей;5к1;Долгопрудная;
ID 98882182;unknown;https://dolgoprudny.cian.ru/sale/flat/304108109/;Долгопрудный;sale;flat;14;19;2;68.0;13500000;;проспект Ракетостроителей;5к1;Долгопрудная;
ID 97235081;homeowner;https://dolgoprudny.cian.ru/sale/flat/306874285/;Долгопрудный;sale;flat;2;17;2;62.0;13500000;;Лихачевский проспект;70к4;Долгопрудная;
Этажи Москва;real_estate_agent;https://dolgoprudny.cian.ru/sale/flat/306887391/;Долгопрудный;sale;flat;9;12;2;62.4;13700000;;Набережная ;25;Водники;Московские водники
Владис;real_estate_agent;https://dolgoprudny.cian.ru/sale/flat/307229725/;Долгопрудный;sale;flat;9;12;2;62.4;13700000;;Набережная ;25;Водники;Московские водники
ID 54133659;realtor;https://dolgoprudny.cian.ru/sale/flat/298983334/;Долгопрудный;sale;flat;18;18;2;63.7;13766697;;Парковая ;44;Хлебниково;Бригантина
Дмитрий Вережников;realtor;https://dolgoprudny.cian.ru/sale/flat/308539168/;Долгопрудный;sale;flat;11;23;2;49.3;13900000;;Новый бульвар;7к1;Долгопрудная;
Владис;real_estate_agent;https://dolgoprudny.cian.ru/sale/flat/308803846/;Долгопрудный;sale;flat;19;19;2;70.0;14000000;;проспект Ракетостроителей;9к1;Долгопрудная;
Московская Корпорация Недвижимости;real_estate_agent;https://dolgoprudny.cian.ru/sale/flat/266530425/;Долгопрудный;sale;flat;5;18;2;68.5;14000000;;Набережная ;21к1;Водники;Московские водники
ID 149678;homeowner;https://dolgoprudny.cian.ru/sale/flat/308782433/;Долгопрудный;sale;flat;6;18;2;67.3;14000000;;Московская ;58к3;Водники;Московские водники
ID 111792932;homeowner;https://dolgoprudny.cian.ru/sale/flat/307474351/;Долгопрудный;sale;flat;8;9;2;55.1;14000000;; Циолковского;28;Долгопрудная;
ID 31688245;realtor;https://dolgoprudny.cian.ru/sale/flat/280792346/;Долгопрудный;sale;flat;18;21;2;67.4;14000000;;Старое Дмитровское шоссе;11;Водники;Московские водники
ID 86210088;homeowner;https://dolgoprudny.cian.ru/sale/flat/291598283/;Долгопрудный;sale;flat;2;10;2;74.0;14200000;;Дирижабельная ;9;Долгопрудная;
ID 535615;realtor;https://dolgoprudny.cian.ru/sale/flat/307916923/;Долгопрудный;sale;flat;1;12;2;70.0;14500000;;Первомайская ;11А;Долгопрудная;
ID 93219364;homeowner;https://dolgoprudny.cian.ru/sale/flat/305555949/;Долгопрудный;sale;flat;17;17;2;73.0;14500000;;Новый бульвар;19;Долгопрудная;
ID 105375728;homeowner;https://dolgoprudny.cian.ru/sale/flat/299742530/;Долгопрудный;sale;flat;5;8;2;76.0;14675000;;Московское шоссе;59к1;Водники;
Дмитрий Вережников;realtor;https://dolgoprudny.cian.ru/sale/flat/308589650/;Долгопрудный;sale;flat;22;23;2;67.0;14750000;;проспект Ракетостроителей;3;Долгопрудная;
Галант;real_estate_agent;https://dolgoprudny.cian.ru/sale/flat/303635692/;Долгопрудный;sale;flat;8;19;2;68.3;14900000;;Лихачевское шоссе;20к4;Водники;
ID 97417544;realtor;https://dolgoprudny.cian.ru/sale/flat/302089633/;Долгопрудный;sale;flat;19;19;2;74.0;14800000;;Молодежная ;12;Долгопрудная;
ID 109757813;homeowner;https://dolgoprudny.cian.ru/sale/flat/294869132/;Долгопрудный;sale;flat;8;19;2;68.3;14900000;;Лихачевское шоссе;20к4;Водники;
ID 48528655;realtor;https://dolgoprudny.cian.ru/sale/flat/307325541/;Долгопрудный;sale;flat;9;13;2;70.5;14990000;;Лихачевское шоссе;14к1;Водники;
ID 12893431;homeowner;https://dolgoprudny.cian.ru/sale/flat/307452784/;Долгопрудный;sale;flat;19;25;2;62.2;14990000;;Старое Дмитровское шоссе;11;Водники;Московские водники
ID 71933553;homeowner;https://dolgoprudny.cian.ru/sale/flat/306654125/;Долгопрудный;sale;flat;12;19;2;66.1;15150000;;проспект Ракетостроителей;9к3;Долгопрудная;
ID 13020891;realtor;https://dolgoprudny.cian.ru/sale/flat/308310704/;Долгопрудный;sale;flat;22;25;2;65.4;15100000;;Новый бульвар;9;Долгопрудная;мкр. Центральный корп. 9, 10, 11
Азамат Сейталиев;realtor;https://dolgoprudny.cian.ru/sale/flat/286752911/;Долгопрудный;sale;flat;6;18;2;70.2;15370000;;Набережная ;29к1;Водники;Московские водники
Владис;real_estate_agent;https://dolgoprudny.cian.ru/sale/flat/304542722/;Долгопрудный;sale;flat;5;19;2;67.6;15700000;;проспект Ракетостроителей;3;Долгопрудная;
ID 64059704;realtor;https://dolgoprudny.cian.ru/sale/flat/298693964/;Долгопрудный;sale;flat;15;18;2;65.0;15600000;;проспект Пацаева;7к8;Водники;
Наталья Гудумак;realtor;https://dolgoprudny.cian.ru/sale/flat/307412098/;Долгопрудный;sale;flat;19;24;2;83.0;15950000;;Старое Дмитровское шоссе;11;Водники;Московские водники
ID 107425527;homeowner;https://dolgoprudny.cian.ru/sale/flat/304222691/;Долгопрудный;sale;flat;4;23;2;65.0;15950000;;Новый бульвар;3;Долгопрудная;Новый бульвар
ID 33297107;homeowner;https://dolgoprudny.cian.ru/sale/flat/293911834/;Долгопрудный;sale;flat;11;17;2;56.8;16000000;;Парковая ;32А;Водники;
Этажи Москва;real_estate_agent;https://dolgoprudny.cian.ru/sale/flat/308044929/;Долгопрудный;sale;flat;10;19;2;66.1;16800000;;проспект Ракетостроителей;9к3;Долгопрудная;
Дмитрий Вережников;realtor;https://dolgoprudny.cian.ru/sale/flat/299293942/;Долгопрудный;sale;flat;15;18;2;72.0;16750000;;Старое Дмитровское шоссе;13к2;Водники;Московские водники
ID 71418085;homeowner;https://dolgoprudny.cian.ru/sale/flat/305233520/;Долгопрудный;sale;flat;15;19;2;75.2;16800000;;Лихачевское шоссе;1к4;Долгопрудная;
ID 109838466;homeowner;https://dolgoprudny.cian.ru/sale/flat/308525957/;Долгопрудный;sale;flat;2;23;2;69.2;16990000;;Новый бульвар;2;Долгопрудная;по ул. Дирижабельная, 1
ID 52784533;homeowner;https://dolgoprudny.cian.ru/sale/flat/296715058/;Долгопрудный;sale;flat;9;17;2;57.0;17000000;;Парковая ;32А;Водники;
Городские квартиры;real_estate_agent;https://dolgoprudny.cian.ru/sale/flat/308904802/;Долгопрудный;sale;flat;5;17;2;70.0;17200000;;Старое Дмитровское шоссе;13;Водники;
ID 61286069;homeowner;https://dolgoprudny.cian.ru/sale/flat/306755996/;Долгопрудный;sale;flat;5;17;2;70.0;17200000;;Старое Дмитровское шоссе;13к2;Водники;Московские водники
ID 79077;realtor;https://dolgoprudny.cian.ru/sale/flat/304974479/;Долгопрудный;sale;flat;3;14;2;74.2;18000000;;Гранитный тупик;2;Долгопрудная;
ID 86861206;unknown;https://dolgoprudny.cian.ru/sale/flat/308363999/;Долгопрудный;sale;flat;21;23;2;68.1;18500000;;Новый бульвар;5;Долгопрудная;Новый бульвар
ID 119607440;homeowner;https://dolgoprudny.cian.ru/sale/flat/306976918/;Долгопрудный;sale;flat;4;10;2;76.0;19380000;;проспект Пацаева;7к2;Водники;
ID 86913188;homeowner;https://dolgoprudny.cian.ru/sale/flat/294156664/;Долгопрудный;sale;flat;4;12;2;80.0;25000000;;проспект Пацаева;7к5;Водники;
ID 107308883;homeowner;https://dolgoprudny.cian.ru/sale/flat/308702966/;Долгопрудный;sale;flat;1;4;2;43.8;5700000;;Флотская ;3;Водники;
ID 19429466;homeowner;https://dolgoprudny.cian.ru/sale/flat/308270982/;Долгопрудный;sale;flat;3;23;1;31.0;6600000;;Парковая ;44к1;Водники;Бригантина
ID 78649018;realtor;https://dolgoprudny.cian.ru/sale/flat/308765158/;Долгопрудный;sale;flat;3;3;1;31.5;6650000;;Московское шоссе;27;Долгопрудная;
ID 122175496;realtor;https://dolgoprudny.cian.ru/sale/flat/308618046/;Долгопрудный;sale;flat;4;5;1;30.5;7562256;; Циолковского;14;Долгопрудная;
ID 98837104;homeowner;https://dolgoprudny.cian.ru/sale/flat/308072324/;Долгопрудный;sale;flat;4;4;1;31.2;7650000;; Павлова;9;Долгопрудная;
ID 12346026;homeowner;https://dolgoprudny.cian.ru/sale/flat/308574833/;Долгопрудный;sale;flat;1;5;1;31.0;7900000;;Нагорная ;2к1;Долгопрудная;
ID 108747665;homeowner;https://dolgoprudny.cian.ru/sale/flat/307820583/;Долгопрудный;sale;flat;7;24;1;33.9;8900000;;Парковая ;46к1;Водники;Бригантина
ID 122425457;homeowner;https://dolgoprudny.cian.ru/sale/flat/307973740/;Долгопрудный;sale;flat;5;24;2;49.2;9100000;;Парковая ;46;Водники;Бригантина
ID 123520703;homeowner;https://dolgoprudny.cian.ru/sale/flat/308856534/;Долгопрудный;sale;flat;2;18;1;36.0;9200000;;Набережная ;33;Водники;Московские водники
ID 123264485;homeowner;https://dolgoprudny.cian.ru/sale/flat/308526072/;Долгопрудный;sale;flat;3;5;2;43.5;9200000;; Циолковского;13;Долгопрудная;
ID 66055610;homeowner;https://dolgoprudny.cian.ru/sale/flat/308549666/;Долгопрудный;sale;flat;19;19;1;44.6;9399000;;проспект Ракетостроителей;9к3;Долгопрудная;
ID 17998010;homeowner;https://dolgoprudny.cian.ru/sale/flat/308853361/;Долгопрудный;sale;flat;2;25;1;35.0;9500000;;Новый бульвар;7к1;Долгопрудная;
author;author_type;url;location;deal_type;accommodation_type;floor;floors_count;rooms_count;total_meters;price;district;street;house_number;underground;residential_complex
Адрес;developer;https://mytishchi.cian.ru/sale/flat/306852801/;Мытищи;sale;flat;5;16;3;61.4;13446600;;Троицкая ;3Г;Медведково;Адрес
CENTURY 21 Столичная недвижимость;real_estate_agent;https://mytishchi.cian.ru/sale/flat/308339795/;Мытищи;sale;flat;4;17;3;52.0;8800000;;переулок 1-й Стрелковый;3;Медведково;Мытищи Парк
ID 76163786;unknown;https://mytishchi.cian.ru/sale/flat/308572462/;Мытищи;sale;flat;4;9;4;67.4;8900000;;Юбилейная ;29к2;Медведково;
Страна Девелопмент;developer;https://mytishchi.cian.ru/sale/flat/304570258/;Мытищи;sale;flat;11;25;3;54.13;13560000;;;;Медведково;Страна.Парковая ЖК
ТСН Владис;real_estate_agent;https://mytishchi.cian.ru/sale/flat/302656948/;Мытищи;sale;flat;7;9;3;77.4;9100000;;Юбилейная ;23к1;Медведково;
На Петровке;real_estate_agent;https://mytishchi.cian.ru/sale/flat/308599212/;Мытищи;sale;flat;7;11;3;74.2;14000000;; Рождественская;2;Медведково;Рождественский
Инвест груп;developer;https://mytishchi.cian.ru/sale/flat/297125498/;Мытищи;sale;flat;24;25;3;53.68;15117284;;;;Медведково;Кит 2 ЖК
ТСН Владис;real_estate_agent;https://mytishchi.cian.ru/sale/flat/305185863/;Мытищи;sale;flat;6;16;3;52.0;9500000;; Стрельбище Динамо;10;Бабушкинская;Мытищи Парк
ID 45811822;unknown;https://mytishchi.cian.ru/sale/flat/303711162/;Мытищи;sale;flat;5;18;4;110.0;26900000;;Летная ;21;Медведково;Квартал 9-18
Страна Девелопмент;developer;https://mytishchi.cian.ru/sale/flat/304570137/;Мытищи;sale;flat;3;25;4;93.1;20860000;;;;Медведково;Страна.Парковая ЖК
MOD Estate;real_estate_agent;https://mytishchi.cian.ru/sale/flat/304494294/;Мытищи;sale;flat;3;16;3;65.0;9750000;;Олимпийский проспект;30;Медведково;
Космополис;real_estate_agent;https://mytishchi.cian.ru/sale/flat/306856099/;Мытищи;sale;flat;2;20;3;98.5;13500000;;Октябрьский проспект;10А;Медведково;Цветочный город
Инвест груп;developer;https://mytishchi.cian.ru/sale/flat/306505797/;Мытищи;sale;flat;9;25;3;93.5;25586848;;Новомытищинский проспект;4А;Бабушкинская;КИТ
Цитадель;real_estate_agent;https://mytishchi.cian.ru/sale/flat/308674640/;Мытищи;sale;flat;5;17;3;85.8;14459000;; Кадомцева;4;Медведково;Новое Медведково
ID 3482362;realtor;https://mytishchi.cian.ru/sale/flat/307839084/;Мытищи;sale;flat;5;9;3;62.3;9200000;; Семашко;21;Медведково;
ПИК;developer;https://mytishchi.cian.ru/sale/flat/303513913/;Мытищи;sale;flat;2;24;3;81.3;15662282;;;к5;Медведково;Яуза Парк ЖК
Homeapp;real_estate_agent;https://mytishchi.cian.ru/sale/flat/307579917/;Мытищи;sale;flat;9;18;3;78.7;12100000;; Белобородова;4Г;Медведково;
Космополис;real_estate_agent;https://mytishchi.cian.ru/sale/flat/305823495/;Мытищи;sale;flat;6;25;3;75.0;11990000;;Юбилейная ;16;Медведково;Ярославский
Самолет;developer;https://mytishchi.cian.ru/sale/flat/308649652/;Мытищи;sale;flat;13;15;3;81.15;14458081;;;к5;Ростокино;Мытищи Парк ЖК
ID 390234;unknown;https://mytishchi.cian.ru/sale/flat/306825403/;Мытищи;sale;flat;6;9;3;61.6;8400000;;Летная ;18к1;Медведково;
Простор-недвижимость;real_estate_agent;https://mytishchi.cian.ru/sale/flat/303274860/;Мытищи;sale;flat;12;25;3;71.0;10880000;; Борисовка;14;Медведково;Ярославский
INGRAD;developer;https://mytishchi.cian.ru/sale/flat/304075506/;Мытищи;sale;flat;18;23;3;63.7;12506850;;;к11.3;Медведково;Белый Grad ЖК
Лидер жилья -   продажа недвижимости;real_estate_agent;https://mytishchi.cian.ru/sale/flat/308825553/;Мытищи;sale;flat;6;7;3;70.0;16800000;;бульвар Тенистый;5;Медведково;Императорские Мытищи
ID 66602955;homeowner;https://mytishchi.cian.ru/sale/flat/308494884/;Мытищи;sale;flat;11;27;3;87.7;16000000;; Мира;39;Медведково;Ярославский
INGRAD;developer;https://mytishchi.cian.ru/sale/flat/304076259/;Мытищи;sale;flat;17;23;3;54.5;11125726;;;к11.2;Медведково;Белый Grad ЖК
Лидер жилья -   продажа недвижимости;real_estate_agent;https://mytishchi.cian.ru/sale/flat/307553576/;Мытищи;sale;flat;6;7;3;70.0;16500000;;бульвар Тенистый;9;Медведково;Императорские Мытищи
Страна Девелопмент;developer;https://mytishchi.cian.ru/sale/flat/304570207/;Мытищи;sale;flat;8;25;4;92.03;20840000;;;;Медведково;Страна.Парковая ЖК
Страна Девелопмент;developer;https://mytishchi.cian.ru/sale/flat/304570273/;Мытищи;sale;flat;11;25;3;60.58;14410000;;;;Медведково;Страна.Парковая ЖК
ПИК;developer;https://mytishchi.cian.ru/sale/flat/303514262/;Мытищи;sale;flat;20;24;3;81.5;15963242;;;к5;Медведково;Яуза Парк ЖК
NSGroup;real_estate_agent;https://mytishchi.cian.ru/sale/flat/294967131/;Мытищи;sale;flat;5;5;4;160.0;30500000;; Благовещенская;15;Медведково;
Vershina Real Estate;real_estate_agent;https://mytishchi.cian.ru/sale/flat/307848416/;Мытищи;sale;flat;6;9;3;51.0;8400000;; 1-я Крестьянская;2к3;Медведково;
Инвест груп;developer;https://mytishchi.cian.ru/sale/flat/299608309/;Мытищи;sale;flat;25;25;3;55.99;14485092;;;;Медведково;Кит 2 ЖК
Александра Тимофеева;realtor;https://mytishchi.cian.ru/sale/flat/307498045/;Мытищи;sale;flat;20;25;3;78.6;12500000;; Борисовка;24А;Медведково;Ярославский
ID 65852836;homeowner;https://mytishchi.cian.ru/sale/flat/308295942/;Мытищи;sale;flat;7;9;3;60.0;8900000;; Академика Каргина;38к1;Медведково;
Страна Девелопмент;developer;https://mytishchi.cian.ru/sale/flat/304570411/;Мытищи;sale;flat;12;25;3;62.44;14660000;;;;Медведково;Страна.Парковая ЖК
Мегаполис;real_estate_agent;https://mytishchi.cian.ru/sale/flat/303922314/;Мытищи;sale;flat;6;9;4;67.0;11600000;;Летная ;30к3;Медведково;
ИНФИНИТИ;real_estate_agent;https://mytishchi.cian.ru/sale/flat/300737781/;Мытищи;sale;flat;19;20;3;62.7;8990000;; Стрелковая;6;Медведково;Квартал 29
INGRAD;developer;https://mytishchi.cian.ru/sale/flat/304075678/;Мытищи;sale;flat;16;20;3;62.4;13630795;;;;Медведково;Белый Grad ЖК
Артур Геворкян;realtor;https://mytishchi.cian.ru/sale/flat/308215510/;Мытищи;sale;flat;2;5;4;110.0;25750000;; Благовещенская;19;Медведково;
ID 53350077;unknown;https://mytishchi.cian.ru/sale/flat/296571153/;Мытищи;sale;flat;23;25;4;102.0;14300000;; Борисовка;24А;Медведково;Ярославский
INGRAD;developer;https://mytishchi.cian.ru/sale/flat/304075522/;Мытищи;sale;flat;23;23;4;79.5;14800700;;;к11.3;Медведково;Белый Grad ЖК
Ирина Дроздова;realtor;https://mytishchi.cian.ru/sale/flat/308541838/;Мытищи;sale;flat;2;4;-1;78.3;5600000;; Семашко;50/10к2;Медведково;
ID 71101582;unknown;https://mytishchi.cian.ru/sale/flat/307849099/;Мытищи;sale;flat;13;18;3;70.0;15500000;;проспект Астрахова;7;Медведково;Лидер Парк
Инвест груп;developer;https://mytishchi.cian.ru/sale/flat/298075702/;Мытищи;sale;flat;22;25;3;72.04;18803009;;;;Медведково;Кит 2 ЖК
1ДАН Недвижимость;real_estate_agent;https://mytishchi.cian.ru/sale/flat/301804324/;Мытищи;sale;flat;5;9;3;62.4;8390000;;Летная ;25;Медведково;
Парадайс;real_estate_agent;https://mytishchi.cian.ru/sale/flat/306674870/;Мытищи;sale;flat;4;10;3;68.0;9500000;; Колпакова;40/2;Медведково;
INGRAD;developer;https://mytishchi.cian.ru/sale/flat/304075886/;Мытищи;sale;flat;23;23;3;76.5;16177090;;;;Медведково;Белый Grad ЖК
Самолет Плюс Бабушкинская;real_estate_agent;https://mytishchi.cian.ru/sale/flat/308490709/;Мытищи;sale;flat;3;5;3;58.6;8200000;;Новомытищинский проспект;10к2;Медведково;
Градомиръ;real_estate_agent;https://mytishchi.cian.ru/sale/flat/302151796/;Мытищи;sale;flat;6;6;3;76.0;19400000;;бульвар Тенистый;10;Медведково;Императорские Мытищи
INGRAD;developer;https://mytishchi.cian.ru/sale/flat/304075067/;Мытищи;sale;flat;16;20;3;55.0;11169291;;;к11.1;Медведково;Белый Grad ЖК
Lunkin Estate;real_estate_agent;https://mytishchi.cian.ru/sale/flat/307749796/;Мытищи;sale;flat;7;18;3;62.7;15000000;;Летная ;21;Медведково;Квартал 9-18
ID 83778947;homeowner;https://mytishchi.cian.ru/sale/flat/300374627/;Мытищи;sale;flat;2;6;4;136.0;37000000;;Новомытищинский проспект;41А;Медведково;Каскад
Страна Девелопмент;developer;https://mytishchi.cian.ru/sale/flat/304570587/;Мытищи;sale;flat;14;25;3;59.1;13220000;;;;Медведково;Страна.Парковая ЖК
САМОЛЕТ ПЛЮС НЕДВИЖИМОСТЬ;real_estate_agent;https://mytishchi.cian.ru/sale/flat/301104391/;Мытищи;sale;flat;4;6;3;72.8;12850000;;бульвар Тенистый;10;Медведково;Императорские Мытищи
ТСН Владис;real_estate_agent;https://mytishchi.cian.ru/sale/flat/308069642/;Мытищи;sale;flat;8;9;4;70.7;9100000;;Летная ;27;Медведково;
INGRAD;developer;https://mytishchi.cian.ru/sale/flat/305892537/;Мытищи;sale;flat;2;18;3;67.4;13678118;;;к41;Медведково;Новое Медведково ЖК
ПРОСПЕКТ;real_estate_agent;https://mytishchi.cian.ru/sale/flat/299998026/;Мытищи;sale;flat;6;25;3;74.5;14490000;;Юбилейная ;28;Медведково;
Самолет Плюс Мытищи;real_estate_agent;https://mytishchi.cian.ru/sale/flat/300919317/;Мытищи;sale;flat;8;17;3;82.0;12499000;;Троицкая ;5;Медведково;
INGRAD;developer;https://mytishchi.cian.ru/sale/flat/308029871/;Мытищи;sale;flat;21;23;4;81.6;16626913;;;;Медведково;Белый Grad ЖК
Екатерина Хасьянова;realtor;https://mytishchi.cian.ru/sale/flat/308144642/;Мытищи;sale;flat;2;9;3;57.0;7500000;мкр. Леонидовка; Академика Каргина;38к1;;
ID 28259;realtor;https://mytishchi.cian.ru/sale/flat/308549742/;Мытищи;sale;flat;4;17;3;82.6;12500000;; Борисовка;4А;Медведково;
ПИК;developer;https://mytishchi.cian.ru/sale/flat/306204659/;Мытищи;sale;flat;17;25;3;76.0;16214448;;;16.1;Медведково;Ярославский
Гранд-Недвижимость;real_estate_agent;https://mytishchi.cian.ru/sale/flat/308834544/;Мытищи;sale;flat;2;5;3;57.9;11700000;;Летная ;16к3;Медведково;
ID 132059;realtor;https://mytishchi.cian.ru/sale/flat/279000389/;Мытищи;sale;flat;2;12;4;109.2;17490000;; Колпакова;37;Медведково;
INGRAD;developer;https://mytishchi.cian.ru/sale/flat/304075065/;Мытищи;sale;flat;14;20;3;57.9;11196782;;;к11.1;Медведково;Белый Grad ЖК
Владимир Волошинов;realtor;https://mytishchi.cian.ru/sale/flat/300364954/;Мытищи;sale;flat;1;14;3;110.0;15500000;; Семашко;26к1;Медведково;
Этажи Москва;real_estate_agent;https://mytishchi.cian.ru/sale/flat/306777156/;Мытищи;sale;flat;4;5;3;52.1;8200000;;Новомытищинский проспект;12к1;Медведково;
INGRAD;developer;https://mytishchi.cian.ru/sale/flat/304075109/;Мытищи;sale;flat;21;23;3;78.2;13970944;;;к11.1;Медведково;Белый Grad ЖК
РОСБАНК;real_estate_agent;https://mytishchi.cian.ru/sale/flat/304816596/;Мытищи;sale;flat;2;3;3;55.6;7300000;; 4-я Парковая;14;Медведково;
ID 103089705;homeowner;https://mytishchi.cian.ru/sale/flat/301409213/;Мытищи;sale;flat;3;4;3;75.0;14450000;; Герцена;1к2;Медведково;
INGRAD;developer;https://mytishchi.cian.ru/sale/flat/305892544/;Мытищи;sale;flat;18;18;4;80.3;18085980;;;к41;Медведково;Новое Медведково ЖК
Иван Усачев;realtor;https://mytishchi.cian.ru/sale/flat/305729911/;Мытищи;sale;flat;6;14;3;95.0;18999000;; Веры Волошиной;56;Медведково;
ID 19592765;homeowner;https://mytishchi.cian.ru/sale/flat/308442232/;Мытищи;sale;flat;16;20;3;70.0;17490000;; Рождественская;11;Медведково;Ньютон
Самолет;developer;https://mytishchi.cian.ru/sale/flat/308654342/;Мытищи;sale;flat;20;24;3;61.32;19222969;;;;Медведково;Долина Яузы ЖК
Василий Павлов;realtor;https://mytishchi.cian.ru/sale/flat/294659485/;Мытищи;sale;flat;9;18;3;77.2;15250000;; 2-я Институтская;28;Медведково;
Владис;real_estate_agent;https://mytishchi.cian.ru/sale/flat/305332849/;Мытищи;sale;flat;13;25;3;78.8;12500000;; Борисовка;28А;Медведково;Ярославский
INGRAD;developer;https://mytishchi.cian.ru/sale/flat/308029867/;Мытищи;sale;flat;20;20;4;83.2;15407652;;;к11.2;Медведково;Белый Grad ЖК
ТСН Владис;real_estate_agent;https://mytishchi.cian.ru/sale/flat/305185887/;Мытищи;sale;flat;22;25;3;65.0;12600000;; Академика Каргина;25;Медведково;Отрадный
ID 11054429;unknown;https://mytishchi.cian.ru/sale/flat/303594522/;Мытищи;sale;flat;2;9;3;53.9;7400000;; Академика Каргина;36;Медведково;
INGRAD;developer;https://mytishchi.cian.ru/sale/flat/304078992/;Мытищи;sale;flat;9;17;3;60.1;13596275;;;к39;Медведково;Новое Медведково ЖК
Анна Кирилишина;realtor;https://mytishchi.cian.ru/sale/flat/307902124/;Мытищи;sale;flat;4;12;3;86.0;17000000;; Мира;35;Медведково;Ярославский
ID 497174;homeowner;https://mytishchi.cian.ru/sale/flat/301816520/;Мытищи;sale;flat;3;9;4;69.8;9200000;;Юбилейная ;27к1;Медведково;
Страна Девелопмент;developer;https://mytishchi.cian.ru/sale/flat/304570091/;Мытищи;sale;flat;22;25;3;70.52;16840000;;;;Медведково;Страна.Парковая ЖК
ИНКОМ-Недвижимость;real_estate_agent;https://mytishchi.cian.ru/sale/flat/308443175/;Мытищи;sale;flat;8;9;3;59.8;9500000;;Летная ;28к2;Медведково;
Ольга Малафеева;realtor;https://mytishchi.cian.ru/sale/flat/302091120/;Мытищи;sale;flat;20;25;3;76.6;13500000;; Борисовка;28А;Медведково;Ярославский
МИЭЛЬ;real_estate_agent;https://mytishchi.cian.ru/sale/flat/306885237/;Мытищи;sale;flat;6;24;3;80.3;19300000;; Воровского;10;Медведково;Мытищи-Холл
INGRAD;developer;https://mytishchi.cian.ru/sale/flat/304078930/;Мытищи;sale;flat;5;18;3;70.3;17590516;;проспект Астрахова;1к2;Медведково;Новое Медведково
Центр-Недвижимость;real_estate_agent;https://mytishchi.cian.ru/sale/flat/307887728/;Мытищи;sale;flat;16;18;3;103.0;21500000;; Сукромка;5;Медведково;
ID 6706426;unknown;https://mytishchi.cian.ru/sale/flat/304819134/;Мытищи;sale;flat;12;14;4;135.0;28500000;;Новомытищинский проспект;43к5;Медведково;
INGRAD;developer;https://mytishchi.cian.ru/sale/flat/307732485/;Мытищи;sale;flat;2;15;3;80.5;16379752;;;к39;Медведково;Новое Медведково ЖК
Елена Белевич;realtor;https://mytishchi.cian.ru/sale/flat/297708744/;Мытищи;sale;flat;5;9;3;61.0;9000000;;Юбилейная ;23к1;Медведково;
ID 9690520;realtor;https://mytishchi.cian.ru/sale/flat/308329411/;Мытищи;sale;flat;9;25;3;80.0;14600000;; Борисовка;24;Медведково;Ярославский
ИНВЕСТ-СТРОЙ;developer;https://mytishchi.cian.ru/sale/flat/308943184/;Мытищи;sale;flat;13;25;3;60.9;10500000;"а также рядом находятся национальный парк ""Лосиный остров"" и аква-парк;
- удобное транспортное сообщение: в пешей доступности ж/д станция Мытищи - от неё можно доехать скоростной электричкой до центра Москвы за 18 минут; с расположенного неподалеку автовокзала курсируют автобусы до Пироговского водохранилища";"ТРЦ ""Июнь"" и многих других мест; 10 минут пешком до остановки на Ярославском шоссе";;Медведково;Отрадный
Тёплый Дом;real_estate_agent;https://mytishchi.cian.ru/sale/flat/308505986/;Мытищи;sale;flat;3;4;3;84.5;15900000;; Герцена;1к3;Медведково;
ID 12970524;unknown;https://mytishchi.cian.ru/sale/flat/306880604/;Мытищи;sale;flat;13;23;4;104.9;30990000;;Юбилейная ;10;Медведково;Ярославский
ИНВЕСТ-СТРОЙ;developer;https://mytishchi.cian.ru/sale/flat/308944010/;Мытищи;sale;flat;21;22;3;78.3;13702500;;Медицинская ;11;Медведково;Отрадный
Бест офис на Таганской;real_estate_agent;https://mytishchi.cian.ru/sale/flat/308948698/;Мытищи;sale;flat;4;5;3;56.4;6990000;;Первомайская ;19Б;Медведково;
ID 100004422;homeowner;https://mytishchi.cian.ru/sale/flat/283837577/;Мытищи;sale;flat;6;6;3;90.0;12500000;;бульвар Тенистый;8;Медведково;Императорские Мытищи
Самолет;developer;https://mytishchi.cian.ru/sale/flat/308649825/;Мытищи;sale;flat;15;17;3;77.7;14953520;;;к4.2;Медведково;Мытищи Парк ЖК
ИНКОМ-Недвижимость;real_estate_agent;https://mytishchi.cian.ru/sale/flat/307503791/;Мытищи;sale;flat;4;5;3;51.4;8190000;;Октябрьская ;22;Медведково;
ID 77613140;realtor;https://mytishchi.cian.ru/sale/flat/308472493/;Мытищи;sale;flat;7;17;3;56.4;9200000;;переулок 1-й Стрелковый;1;Медведково;Мытищи Парк
INGRAD;developer;https://mytishchi.cian.ru/sale/flat/304078928/;Мытищи;sale;flat;17;17;3;66.4;15962577;;;к35;Медведково;Новое Медведково ЖК
ИМПЕРИЯ;real_estate_agent;https://mytishchi.cian.ru/sale/flat/293968997/;Мытищи;sale;flat;4;9;3;61.3;9200000;; Семашко;19;Медведково;
ID 85496861;homeowner;https://mytishchi.cian.ru/sale/flat/286854688/;Мытищи;sale;flat;6;9;3;60.0;8850000;;Новомытищинский проспект;39к1;Медведково;
INGRAD;developer;https://mytishchi.cian.ru/sale/flat/304076182/;Мытищи;sale;flat;3;12;3;56.0;10935147;;;к11.2;Медведково;Белый Grad ЖК
ИНКОМ-Недвижимость;real_estate_agent;https://mytishchi.cian.ru/sale/flat/303133733/;Мытищи;sale;flat;10;17;3;88.9;17100000;; Академика Каргина;23А;Медведково;Отрадный
ID 10850082;homeowner;https://mytishchi.cian.ru/sale/flat/305250260/;Мытищи;sale;flat;2;14;3;82.4;16300000;;Октябрьский проспект;10А;Медведково;Цветочный город
INGRAD;developer;https://mytishchi.cian.ru/sale/flat/304078912/;Мытищи;sale;flat;3;17;3;67.6;16049635;;;к35;Медведково;Новое Медведково ЖК
Метражи group;real_estate_agent;https://mytishchi.cian.ru/sale/flat/307639517/;Мытищи;sale;flat;5;9;3;60.0;12100000;;Олимпийский проспект;15к16;Медведково;
ID 121429154;homeowner;https://mytishchi.cian.ru/sale/flat/306952700/;Мытищи;sale;flat;11;16;3;74.9;12700000;;Юбилейная ;40к1;Медведково;
INGRAD;developer;https://mytishchi.cian.ru/sale/flat/308029856/;Мытищи;sale;flat;15;20;3;71.4;14500003;;;;Медведково;Белый Grad ЖК
Абсолют Капитал Недвижимость;real_estate_agent;https://mytishchi.cian.ru/sale/flat/305970331/;Мытищи;sale;flat;2;14;4;75.8;12500000;;Новомытищинский проспект;49к1;Медведково;
author;author_type;url;location;deal_type;accommodation_type;floor;floors_count;rooms_count;total_meters;price;district;street;house_number;underground;residential_complex
;;https://dolgoprudny.cian.ru/sale/flat/282489923/;Долгопрудный;sale;flat;18;18;2;63.7;13766697;;;к2;Водники;Бригантина ЖК
Этажи Москва;real_estate_agent;https://dolgoprudny.cian.ru/sale/flat/308561269/;Долгопрудный;sale;flat;10;23;2;52.1;15190000;;Парковая ;54;Долгопрудная;
Альфалот;real_estate_agent;https://dolgoprudny.cian.ru/sale/flat/308775890/;Долгопрудный;sale;flat;13;17;2;39.5;1935000;;Корабельная ;1;Водники;
;;https://dolgoprudny.cian.ru/sale/flat/306627890/;Долгопрудный;sale;flat;9;23;2;49.2;11550530;;;;Хлебниково;Бригантина ЖК
Этажи Москва;real_estate_agent;https://dolgoprudny.cian.ru/sale/flat/308568163/;Долгопрудный;sale;flat;9;18;1;44.0;10550000;;Московская ;56к3;Водники;Московские водники
Святослав Голованов;realtor;https://dolgoprudny.cian.ru/sale/flat/307711060/;Долгопрудный;sale;flat;1;2;1;33.0;4700000;;Северная ;2;Долгопрудная;
;;https://dolgoprudny.cian.ru/sale/flat/293100101/;Долгопрудный;sale;flat;15;23;2;44.2;9019051;;;;Водники;Бригантина ЖК
Этажи Москва;real_estate_agent;https://dolgoprudny.cian.ru/sale/flat/308192211/;Долгопрудный;sale;flat;5;23;1;36.8;6800000;;Парковая ;46к1;Водники;Бригантина
Лариса Калина;realtor;https://dolgoprudny.cian.ru/sale/flat/308736324/;Долгопрудный;sale;flat;19;21;2;66.1;11990000;;проспект Ракетостроителей;7к1;Долгопрудная;
;;https://dolgoprudny.cian.ru/sale/flat/297092716/;Долгопрудный;sale;flat;15;23;2;41.1;9062798;;;;Хлебниково;Бригантина ЖК
ID 119235442;homeowner;https://dolgoprudny.cian.ru/sale/flat/304961831/;Долгопрудный;sale;flat;24;26;1;49.0;11800000;;Лихачевский проспект;80к1;Долгопрудная;
Виктор Клевицкий;realtor;https://dolgoprudny.cian.ru/sale/flat/301375247/;Долгопрудный;sale;flat;2;3;2;49.4;10350000;;Первомайская ;29;Долгопрудная;
;;https://dolgoprudny.cian.ru/sale/flat/297092707/;Долгопрудный;sale;flat;17;23;2;57.3;11943571;;;;Хлебниково;Бригантина ЖК
Адресат;real_estate_agent;https://dolgoprudny.cian.ru/sale/flat/307723766/;Долгопрудный;sale;flat;17;23;1;34.1;8350000;;Парковая ;48;Долгопрудная;Бригантина
ID 31556;realtor;https://dolgoprudny.cian.ru/sale/flat/308781051/;Долгопрудный;sale;flat;3;16;1;35.0;7300000;;проспект Пацаева;17;Водники;
;;https://dolgoprudny.cian.ru/sale/flat/306627925/;Долгопрудный;sale;flat;13;23;1;34.5;8780785;;;;Хлебниково;Бригантина ЖК
ГОРОДА;real_estate_agent;https://dolgoprudny.cian.ru/sale/flat/305463933/;Долгопрудный;sale;flat;10;17;2;70.6;13700000;;Новый бульвар;15;Долгопрудная;
Татьяна Карпова;realtor;https://dolgoprudny.cian.ru/sale/flat/308824074/;Долгопрудный;sale;flat;2;5;2;41.6;6900000;; Циолковского;13;Долгопрудная;
;;https://dolgoprudny.cian.ru/sale/flat/303600346/;Долгопрудный;sale;flat;19;23;2;34.1;7631445;;;;Хлебниково;Бригантина ЖК
Галант;real_estate_agent;https://dolgoprudny.cian.ru/sale/flat/307153381/;Долгопрудный;sale;flat;10;19;1;46.0;8800000;;проспект Ракетостроителей;1к1;Долгопрудная;
Вячеслав Чекалин;realtor;https://dolgoprudny.cian.ru/sale/flat/302399780/;Долгопрудный;sale;flat;8;26;1;39.6;7400000;;Старое Дмитровское шоссе;11;Водники;Московские водники
;;https://dolgoprudny.cian.ru/sale/flat/307506709/;Долгопрудный;sale;flat;7;23;2;47.2;9579367;;;;Водники;Бригантина ЖК
Галант;real_estate_agent;https://dolgoprudny.cian.ru/sale/flat/308703396/;Долгопрудный;sale;flat;5;5;1;28.9;6450000;;Московское шоссе;49к1;Водники;
Елена Тихонова;realtor;https://dolgoprudny.cian.ru/sale/flat/308451113/;Долгопрудный;sale;flat;6;21;1;47.0;9200000;;проспект Ракетостроителей;1к1;Долгопрудная;
;;https://dolgoprudny.cian.ru/sale/flat/299394744/;Долгопрудный;sale;flat;10;23;1;42.0;9169139;;;;Хлебниково;Бригантина ЖК
Галант;real_estate_agent;https://dolgoprudny.cian.ru/sale/flat/308712844/;Долгопрудный;sale;flat;3;10;1;42.2;8300000;;Дирижабельная ;15Б;Долгопрудная;
АЛЬЯНС;real_estate_agent;https://dolgoprudny.cian.ru/sale/flat/308524393/;Долгопрудный;sale;flat;13;24;2;52.0;10600000;;Парковая ;46к1;Водники;Бригантина
;;https://dolgoprudny.cian.ru/sale/flat/283774236/;Долгопрудный;sale;flat;2;23;2;45.7;9776327;;;;Водники;Бригантина ЖК
author;author_type;url;location;deal_type;accommodation_type;floor;floors_count;rooms_count;total_meters;price;district;street;house_number;underground;residential_complex
Владис Дмитров;real_estate_agent;https://dmitrov.cian.ru/sale/flat/303817435/;Дмитров;sale;flat;7;9;4;68.9;6000000;Дмитров; Космонавтов;21;;
Милан Гаркалов;realtor;https://dmitrov.cian.ru/sale/flat/306346604/;Дмитров;sale;flat;9;17;3;81.3;11300000;Дмитров; 2-я Комсомольская;16к1;;На Высоковольтной
Градомиръ;real_estate_agent;https://dmitrov.cian.ru/sale/flat/302944567/;Дмитров;sale;flat;12;15;3;85.2;8800000;; Архитектора В.В. Белоброва;5;Лобня;
ПАНОРАМА 50;real_estate_agent;https://dmitrov.cian.ru/sale/flat/308515454/;Дмитров;sale;flat;13;14;3;112.0;17800000;;;;;
ID 56546882;homeowner;https://dmitrov.cian.ru/sale/flat/273570819/;Дмитров;sale;flat;2;9;3;61.8;7300000;Дмитров; Космонавтов;37;;
Самолет Плюс Дмитров;real_estate_agent;https://dmitrov.cian.ru/sale/flat/305641195/;Дмитров;sale;flat;2;2;3;61.1;5650000;Дмитров;Гравийная ;23;;
Этажи Дмитров;real_estate_agent;https://dmitrov.cian.ru/sale/flat/308679047/;Дмитров;sale;flat;9;9;4;67.5;6900000;;;;;
Эксперт-Риелт 24;real_estate_agent;https://dmitrov.cian.ru/sale/flat/304238537/;Дмитров;sale;flat;3;4;3;114.8;5900000;Дмитров;Луговая ;14;;Дмитрослав
Этажи Дмитров;real_estate_agent;https://dmitrov.cian.ru/sale/flat/308784931/;Дмитров;sale;flat;9;9;4;60.0;7300000;;;;;
Самолет Плюс Дмитров;real_estate_agent;https://dmitrov.cian.ru/sale/flat/305508995/;Дмитров;sale;flat;5;17;3;81.3;9500000;Дмитров; 2-я Комсомольская;16к1;;На Высоковольтной
ID 15710584;realtor;https://dmitrov.cian.ru/sale/flat/303367411/;Дмитров;sale;flat;6;9;3;56.9;5900000;Дмитров; 2-я Комсомольская;15А;;
КварталСити;real_estate_agent;https://dmitrov.cian.ru/sale/flat/294154769/;Дмитров;sale;flat;6;6;3;83.4;8700000;Дмитров;Оборонная ;6;;
Елена Четверикова;realtor;https://dmitrov.cian.ru/sale/flat/308394978/;Дмитров;sale;flat;13;14;3;67.5;6500000;;;;;
Самолет Плюс Дмитров;real_estate_agent;https://dmitrov.cian.ru/sale/flat/308399457/;Дмитров;sale;flat;3;9;4;68.3;6500000;Дмитров;Внуковская ;33а;;
ID 96839302;unknown;https://dmitrov.cian.ru/sale/flat/308209897/;Дмитров;sale;flat;6;9;3;60.0;5990000;Дмитров; Космонавтов;38;;
Альтернатива;real_estate_agent;https://dmitrov.cian.ru/sale/flat/308568607/;Дмитров;sale;flat;7;9;3;61.9;6400000;Дмитров;Загорская ;34;;
ID 15062968;real_estate_agent;https://dmitrov.cian.ru/sale/flat/298489397/;Дмитров;sale;flat;6;9;3;68.0;7000000;;;;;
КварталСити;real_estate_agent;https://dmitrov.cian.ru/sale/flat/308932588/;Дмитров;sale;flat;11;17;3;84.6;9500000;;;;;
Градомиръ;real_estate_agent;https://dmitrov.cian.ru/sale/flat/274096088/;Дмитров;sale;flat;2;3;3;67.6;6000000;;Чекистская ;12;Алтуфьево;
Самолет Плюс Дмитров;real_estate_agent;https://dmitrov.cian.ru/sale/flat/303755724/;Дмитров;sale;flat;1;2;3;98.6;8200000;Дмитров;Большевистский переулок;2;;
ID 83224954;unknown;https://dmitrov.cian.ru/sale/flat/307489712/;Дмитров;sale;flat;7;15;3;78.6;7200000;Дмитров; Спасская;6А;;Спасские ворота
МК-Гарант;real_estate_agent;https://dmitrov.cian.ru/sale/flat/308940082/;Дмитров;sale;flat;5;9;3;61.2;7199000;;;;;
ID 86073464;homeowner;https://dmitrov.cian.ru/sale/flat/288509649/;Дмитров;sale;flat;3;16;3;73.0;8500000;Дмитров; Спасская;6А;;Спасские ворота
Эксперт-Риелт 24;real_estate_agent;https://dmitrov.cian.ru/sale/flat/305973024/;Дмитров;sale;flat;5;10;3;60.0;7750000;Дмитров;Вокзальная ;18А;;
Градомиръ;real_estate_agent;https://dmitrov.cian.ru/sale/flat/301409626/;Дмитров;sale;flat;1;5;4;58.6;6050000;;;27;Лобня;
Сергей Пастухов;realtor;https://dmitrov.cian.ru/sale/flat/306092164/;Дмитров;sale;flat;7;9;3;61.2;5899000;;;;;
Инвест МСК;real_estate_agent;https://dmitrov.cian.ru/sale/flat/265432880/;Дмитров;sale;flat;15;16;3;83.3;6350000;Дмитров; Спасская;6А;;Спасские ворота
Самолет Плюс Дмитров;real_estate_agent;https://dmitrov.cian.ru/sale/flat/306822593/;Дмитров;sale;flat;4;9;3;60.0;7080000;Дмитров;Загорская ;32;;
ID 28649090;unknown;https://dmitrov.cian.ru/sale/flat/305723067/;Дмитров;sale;flat;7;9;3;72.0;7500000;Дмитров;Внуковская ;31;;
ИМПЕРИАЛ;real_estate_agent;https://dmitrov.cian.ru/sale/flat/306974521/;Дмитров;sale;flat;11;15;3;89.4;11850000;Дмитров; Космонавтов;52;;
31 Квартал;real_estate_agent;https://dmitrov.cian.ru/sale/flat/302714469/;Дмитров;sale;flat;8;15;3;81.2;12500000;Дмитров;Пионерская ;2;;
Самолет Плюс Дмитров;real_estate_agent;https://dmitrov.cian.ru/sale/flat/306566286/;Дмитров;sale;flat;4;5;3;60.5;7800000;Дмитров;Чекистская ;7;;
ГОРОБМЕН;real_estate_agent;https://dmitrov.cian.ru/sale/flat/305862078/;Дмитров;sale;flat;3;9;3;95.7;10490000;;;;;
МК Инвест;real_estate_agent;https://dmitrov.cian.ru/sale/flat/290586051/;Дмитров;sale;flat;3;3;3;169.4;7700000;Дмитров;Луговая ;14;;Дмитрослав
ID 15062968;real_estate_agent;https://dmitrov.cian.ru/sale/flat/296755540/;Дмитров;sale;flat;8;11;3;85.0;11490000;Дмитров;Чекистская ;8;;Славянский
АэНБИ;real_estate_agent;https://dmitrov.cian.ru/sale/flat/292582184/;Дмитров;sale;flat;6;9;3;62.0;7100000;;;;;
ЖСС Недвижимость;real_estate_agent;https://dmitrov.cian.ru/sale/flat/303065191/;Дмитров;sale;flat;1;9;3;67.7;6700000;Дмитров;Оборонная ;1;;
Звезда Подмосковья;real_estate_agent;https://dmitrov.cian.ru/sale/flat/304064047/;Дмитров;sale;flat;1;5;3;70.2;6500000;Дмитров;Комсомольская ;6;;
Владис Дмитров;real_estate_agent;https://dmitrov.cian.ru/sale/flat/305912046/;Дмитров;sale;flat;3;9;3;68.3;6500000;;;;;
ПАРУСА;real_estate_agent;https://dmitrov.cian.ru/sale/flat/307457119/;Дмитров;sale;flat;17;17;3;67.5;9500000;;;;;Лесной квартал
Градомиръ;real_estate_agent;https://dmitrov.cian.ru/sale/flat/308781747/;Дмитров;sale;flat;4;17;3;78.6;7600000;;;;;Лесной квартал
Городской Центр Недвижимости;real_estate_agent;https://dmitrov.cian.ru/sale/flat/294167602/;Дмитров;sale;flat;7;9;3;59.3;6700000;Дмитров; Космонавтов;38;;
ID 107112196;homeowner;https://dmitrov.cian.ru/sale/flat/307639183/;Дмитров;sale;flat;2;9;3;59.0;7100000;Дмитров;Загорская ;34;;
ПАНОРАМА 50;real_estate_agent;https://dmitrov.cian.ru/sale/flat/298809104/;Дмитров;sale;flat;2;3;3;84.8;8100000;Дмитров; Спасская;17;;Новоспасский
Звезда Подмосковья;real_estate_agent;https://dmitrov.cian.ru/sale/flat/285387556/;Дмитров;sale;flat;7;9;3;62.0;6700000;Дмитров;Школьная ;9;;
Владис Дмитров;real_estate_agent;https://dmitrov.cian.ru/sale/flat/308638122/;Дмитров;sale;flat;5;10;3;90.9;12300000;Дмитров;Профессиональная ;26;;
ОЛИМП-НЕДВИЖИМОСТЬ;real_estate_agent;https://dmitrov.cian.ru/sale/flat/307656845/;Дмитров;sale;flat;1;9;3;58.8;6400000;Дмитров;Внуковская ;33а;;
ПАРУСА;real_estate_agent;https://dmitrov.cian.ru/sale/flat/305698993/;Дмитров;sale;flat;8;9;3;65.6;7240000;;;;;
ID 48598354;homeowner;https://dmitrov.cian.ru/sale/flat/307685991/;Дмитров;sale;flat;6;14;3;63.0;7400000;;;;;
Эксперт-Риелт 24;real_estate_agent;https://dmitrov.cian.ru/sale/flat/294194241/;Дмитров;sale;flat;15;17;3;88.0;12500000;Дмитров; 2-я Комсомольская;16к2;;На Высоковольтной
Этажи Дмитров;real_estate_agent;https://dmitrov.cian.ru/sale/flat/308679154/;Дмитров;sale;flat;7;9;3;58.4;7500000;;;;;
Самолет Плюс Дмитров;real_estate_agent;https://dmitrov.cian.ru/sale/flat/305095093/;Дмитров;sale;flat;6;9;3;61.2;7350000;Дмитров;Московская ;5;;
BROKER-HOME;real_estate_agent;https://dmitrov.cian.ru/sale/flat/296576671/;Дмитров;sale;flat;5;9;3;73.0;7990000;Дмитров; Подъячева;13;;
ID 81681617;homeowner;https://dmitrov.cian.ru/sale/flat/304555088/;Дмитров;sale;flat;12;16;3;79.3;10700000;Дмитров;Сенная ;24;;
Татьяна Москальцова;realtor;https://dmitrov.cian.ru/sale/flat/298564749/;Дмитров;sale;flat;5;5;4;58.6;5900000;;;;;
Этажи Дмитров;real_estate_agent;https://dmitrov.cian.ru/sale/flat/308692230/;Дмитров;sale;flat;4;17;3;78.6;7600000;;;;;Лесной квартал
